20555935,0.121395
20555945,0.159236
20555955,0.198299
20555965,0.403377
20555975,0.188533
20555985,0.145809
20555995,0.142146
20556005,0.028621
20556015,0.048152
20556025,0.085994
20556035,0.020076
20556045,-0.018986
20556055,0.002986
20556065,-0.032414
20556075,-0.014104
20556085,-0.005559
20556095,0.001766
20556105,0.001766
20556115,-0.016545
20556125,0.000545
20556135,-0.008
20556145,-0.047063
20556155,0.237361
20556165,0.046932
20556175,0.048152
20556185,0.087215
20556195,-0.004338
20556205,-0.034855
20556215,0.018855
20556225,0.002986
20556235,0.010311
20556245,-0.028752
20556255,-0.038518
20556265,-0.037297
20556275,-0.023869
20556285,0.000545
20556295,0.045711
20556305,0.029842
20556315,-0.010441
20556325,0.012752
20556335,0.024959
20556345,0.002986
20556355,0.016414
20556365,-0.020207
20556375,-0.023869
20556385,-0.008
20556395,0.115291
20556405,-0.011662
20556415,0.010311
20556425,-0.015324
20556435,-0.027531
20556445,-0.021428
20556455,-0.039738
20556465,-0.012883
20556475,-0.014104
20556485,-0.004338
20556495,-0.047063
20556505,-0.006779
20556515,0.057918
20556525,0.029842
20556535,-0.011662
20556545,-0.017766
20556555,0.087215
20556565,-0.021428
20556575,-0.040959
20556585,-0.023869
20556595,0.012752
20556605,0.011531
20556615,-0.001896
20556625,0.006648
20556635,-0.014104
20556645,0.021297
20556655,-0.027531
20556665,0.000545
20556675,-0.012883
20556685,-0.004338
20556695,-0.023869
20556705,0.022518
20556715,-0.006779
20556725,-0.039738
20556735,-0.006779
20556745,-0.036076
20556755,-0.017766
20556765,-0.023869
20556775,-0.050725
20556785,-0.020207
20556795,-0.017766
20556805,-0.029973
20556815,-0.010441
20556825,0.077449
20556835,0.032283
20556845,0.042049
20556855,-0.033635
20556865,-0.014104
20556875,-0.034855
20556885,0.000545
20556895,0.046932
20556905,-0.023869
20556915,-0.018986
20556925,0.005428
20556935,0.004207
20556945,0.004207
20556955,0.002986
20556965,0.212947
20556975,0.222713
20556985,0.204402
20556995,0.006648
20557005,-0.033635
20557015,0.042049
20557025,0.000545
20557035,0.040828
20557045,-0.000676
20557055,-0.029973
20557065,-0.018986
20557075,-0.011662
20557085,-0.009221
20557095,0.017635
20557105,0.002986
20557115,-0.021428
20557125,0.006648
20557135,-0.004338
20557145,0.015193
20557155,-0.039738
20557165,-0.026311
20557175,0.022518
20557185,0.022518
20557195,0.055477
20557205,0.028621
20557215,-0.022648
20557225,0.005428
20557235,-0.000676
20557245,-0.011662
20557255,-0.033635
20557265,-0.027531
20557275,-0.001896
20557285,-0.022648
20557295,-0.011662
20557305,-0.017766
20557315,-0.031193
20557325,-0.02509
20557335,-0.027531
20557345,-0.02509
20557355,-0.016545
20557365,0.0274
20557375,-0.018986
20557385,0.040828
20557395,-0.028752
20557405,0.051814
20557415,-0.027531
20557425,-0.010441
20557435,-0.031193
20557445,0.031062
20557455,-0.005559
20557465,0.000545
20557475,-0.018986
20557485,-0.020207
20557495,-0.018986
20557505,-0.028752
20557515,-0.050725
20557525,-0.047063
20557535,-0.039738
20557545,-0.017766
20557555,-0.028752
20557565,-0.02509
20557575,-0.039738
20557585,-0.036076
20557595,-0.000676
20557605,0.010311
20557615,-0.005559
20557625,-0.011662
20557635,-0.033635
20557645,0.000545
20557655,-0.015324
20557665,-0.015324
20557675,0.001766
20557685,0.021297
20557695,0.054256
20557705,-0.015324
20557715,-0.001896
20557725,0.035945
20557735,0.028621
20557745,-0.010441
20557755,-0.022648
20557765,0.169002
20557775,0.110408
20557785,0.046932
20557795,0.077449
20557805,0.109187
20557815,0.195857
20557825,-0.004338
20557835,0.033504
20557845,-0.012883
20557855,0.00909
20557865,-0.005559
20557875,-0.027531
20557885,-0.040959
20557895,-0.004338
20557905,-0.026311
20557915,-0.015324
20557925,-0.049504
20557935,-0.037297
20557945,0.024959
20557955,0.015193
20557965,0.037166
20557975,0.021297
20557985,-0.014104
20557995,0.056697
20558005,0.053035
20558015,0.166561
20558025,0.049373
20558035,-0.006779
20558045,-0.004338
20558055,0.06158
20558065,0.007869
20558075,0.073787
20558085,-0.001896
20558095,-0.014104
20558105,0.002986
20558115,-0.003117
20558125,0.021297
20558135,-0.027531
20558145,-0.031193
20558155,-0.026311
20558165,-0.017766
20558175,-0.014104
20558185,-0.037297
20558195,-0.023869
20558205,0.037166
20558215,-0.018986
20558225,-0.012883
20558235,-0.033635
20558245,-0.027531
20558255,-0.0434
20558265,-0.018986
20558275,-0.000676
20558285,-0.017766
20558295,-0.017766
20558305,0.010311
20558315,-0.045842
20558325,-0.016545
20558335,-0.021428
20558345,-0.012883
20558355,-0.012883
20558365,-0.02509
20558375,0.015193
20558385,0.007869
20558395,0.062801
20558405,-0.012883
20558415,-0.022648
20558425,-0.023869
20558435,0.002986
20558445,-0.009221
20558455,-0.038518
20558465,-0.008
20558475,-0.028752
20558485,-0.023869
20558495,-0.039738
20558505,-0.04218
20558515,-0.029973
20558525,-0.053166
20558535,-0.027531
20558545,-0.023869
20558555,-0.011662
20558565,0.00909
20558575,-0.04218
20558585,-0.004338
20558595,0.018855
20558605,0.00909
20558615,-0.003117
20558625,-0.023869
20558635,-0.029973
20558645,0.012752
20558655,0.018855
20558665,-0.023869
20558675,-0.011662
20558685,-0.018986
20558695,-0.004338
20558705,0.079891
20558715,-0.016545
20558725,0.012752
20558735,0.02618
20558745,-0.012883
20558755,0.028621
20558765,0.050594
20558775,0.057918
20558785,0.021297
20558795,-0.006779
20558805,0.031062
20558815,0.16534
20558825,0.02618
20558835,0.022518
20558845,0.076229
20558855,0.039607
20558865,0.107967
20558875,0.194637
20558885,0.358211
20558895,0.136043
20558905,0.062801
20558915,0.164119
20558925,0.011531
20558935,0.004207
20558945,-0.010441
20558955,-0.010441
20558965,0.038387
20558975,-0.006779
20558985,0.004207
20558995,-0.026311
20559005,-0.033635
20559015,-0.000676
20559025,-0.018986
20559035,-0.027531
20559045,0.005428
20559055,-0.031193
20559065,-0.009221
20559075,-0.015324
20559085,0.022518
20559095,-0.054387
20559105,-0.006779
20559115,-0.044621
20559125,-0.045842
20559135,-0.023869
20559145,-0.04218
20559155,0.056697
20559165,-0.018986
20559175,-0.015324
20559185,-0.033635
20559195,-0.037297
20559205,0.055477
20559215,0.022518
20559225,-0.02509
20559235,-0.017766
20559245,0.000545
20559255,-0.033635
20559265,-0.02509
20559275,-0.015324
20559285,-0.026311
20559295,0.001766
20559305,0.015193
20559315,-0.018986
20559325,-0.034855
20559335,-0.018986
20559345,-0.029973
20559355,-0.009221
20559365,0.001766
20559375,0.001766
20559385,-0.022648
20559395,0.067684
20559405,-0.012883
20559415,-0.028752
20559425,0.090877
20559435,0.06158
20559445,0.060359
20559455,0.012752
20559465,0.059139
20559475,-0.003117
20559485,0.049373
20559495,0.09576
20559505,-0.011662
20559515,-0.012883
20559525,-0.015324
20559535,0.133602
20559545,-0.021428
20559555,-0.009221
20559565,0.082332
20559575,-0.036076
20559585,0.011531
20559595,-0.011662
20559605,-0.022648
20559615,-0.000676
20559625,-0.011662
20559635,-0.015324
20559645,-0.016545
20559655,-0.001896
20559665,-0.011662
20559675,-0.039738
20559685,-0.026311
20559695,-0.028752
20559705,0.004207
20559715,-0.010441
20559725,0.00909
20559735,0.004207
20559745,-0.018986
20559755,-0.02509
20559765,-0.033635
20559775,0.000545
20559785,0.012752
20559795,-0.011662
20559805,0.072566
20559815,0.093318
20559825,0.0274
20559835,0.057918
20559845,0.00909
20559855,0.216609
20559865,0.129939
20559875,0.049373
20559885,0.040828
20559895,-0.010441
20559905,0.016414
20559915,-0.031193
20559925,-0.02509
20559935,-0.020207
20559945,-0.010441
20559955,-0.038518
20559965,-0.026311
20559975,-0.04218
20559985,-0.028752
20559995,-0.036076
20560005,-0.020207
20560015,-0.0434
20560025,-0.031193
20560035,-0.018986
20560045,-0.023869
20560055,-0.02509
20560065,-0.037297
20560075,0.010311
20560085,-0.020207
20560095,0.022518
20560105,-0.031193
20560115,0.013973
20560125,-0.000676
20560135,0.031062
20560145,0.016414
20560155,0.055477
20560165,0.023738
20560175,0.000545
20560185,-0.017766
20560195,-0.009221
20560205,-0.034855
20560215,-0.014104
20560225,0.070125
20560235,0.04449
20560245,0.195857
20560255,0.0274
20560265,-0.023869
20560275,-0.003117
20560285,0.013973
20560295,0.06158
20560305,-0.020207
20560315,0.010311
20560325,-0.028752
20560335,-0.02509
20560345,-0.012883
20560355,-0.040959
20560365,0.012752
20560375,0.121395
20560385,0.006648
20560395,0.04327
20560405,0.007869
20560415,-0.021428
20560425,-0.009221
20560435,0.004207
20560445,0.162898
20560455,0.11407
20560465,0.013973
20560475,0.076229
20560485,0.013973
20560495,0.015193
20560505,0.021297
20560515,-0.026311
20560525,-0.016545
20560535,0.04449
20560545,0.001766
20560555,-0.026311
20560565,-0.026311
20560575,-0.026311
20560585,-0.020207
20560595,0.029842
20560605,0.002986
20560615,0.093318
20560625,0.006648
20560635,0.056697
20560645,0.002986
20560655,-0.022648
20560665,-0.017766
20560675,-0.021428
20560685,-0.014104
20560695,0.00909
20560705,-0.022648
20560715,-0.004338
20560725,-0.012883
20560735,-0.021428
20560745,-0.027531
20560755,-0.008
20560765,-0.016545
20560775,-0.008
20560785,-0.023869
20560795,-0.017766
20560805,-0.048283
20560815,-0.034855
20560825,-0.037297
20560835,-0.027531
20560845,-0.021428
20560855,-0.039738
20560865,-0.032414
20560875,-0.045842
20560885,-0.031193
20560895,-0.009221
20560905,-0.009221
20560915,-0.022648
20560925,-0.000676
20560935,-0.021428
20560945,-0.051945
20560955,0.051814
20560965,0.048152
20560975,-0.011662
20560985,-0.027531
20560995,-0.048283
20561005,-0.027531
20561015,0.011531
20561025,-0.037297
20561035,0.06158
20561045,-0.005559
20561055,0.028621
20561065,-0.034855
20561075,0.02618
20561085,0.033504
20561095,0.144588
20561105,0.006648
20561115,0.077449
20561125,-0.010441
20561135,0.042049
20561145,0.024959
20561155,0.051814
20561165,0.021297
20561175,-0.022648
20561185,-0.021428
20561195,0.032283
20561205,-0.009221
20561215,-0.011662
20561225,-0.036076
20561235,-0.032414
20561245,-0.011662
20561255,-0.027531
20561265,-0.029973
20561275,-0.010441
20561285,-0.009221
20561295,0.018855
20561305,-0.034855
20561315,-0.012883
20561325,0.006648
20561335,-0.017766
20561345,-0.026311
20561355,-0.026311
20561365,-0.020207
20561375,-0.020207
20561385,-0.034855
20561395,-0.028752
20561405,-0.02509
20561415,-0.021428
20561425,-0.016545
20561435,0.000545
20561445,-0.018986
20561455,-0.022648
20561465,-0.028752
20561475,-0.026311
20561485,-0.017766
20561495,-0.023869
20561505,0.006648
20561515,-0.008
20561525,0.011531
20561535,-0.014104
20561545,-0.001896
20561555,0.010311
20561565,-0.026311
20561575,-0.016545
20561585,-0.016545
20561595,-0.027531
20561605,-0.032414
20561615,-0.034855
20561625,-0.028752
20561635,-0.033635
20561645,-0.044621
20561655,-0.018986
20561665,-0.034855
20561675,-0.033635
20561685,-0.036076
20561695,-0.054387
20561705,0.035945
20561715,0.016414
20561725,-0.020207
20561735,-0.014104
20561745,-0.022648
20561755,-0.018986
20561765,-0.028752
20561775,-0.000676
20561785,-0.028752
20561795,0.035945
20561805,-0.044621
20561815,-0.034855
20561825,-0.034855
20561835,-0.02509
20561845,-0.026311
20561855,-0.015324
20561865,-0.034855
20561875,-0.006779
20561885,-0.038518
20561895,0.004207
20561905,-0.033635
20561915,-0.033635
20561925,-0.023869
20561935,-0.048283
20561945,-0.039738
20561955,-0.014104
20561965,-0.029973
20561975,-0.021428
20561985,0.039607
20561995,0.000545
20562005,0.022518
20562015,-0.038518
20562025,-0.047063
20562035,-0.027531
20562045,0.028621
20562055,-0.009221
20562065,-0.028752
20562075,-0.033635
20562085,-0.034855
20562095,-0.026311
20562105,0.00909
20562115,0.006648
20562125,0.029842
20562135,-0.023869
20562145,-0.023869
20562155,-0.02509
20562165,-0.000676
20562175,-0.000676
20562185,0.048152
20562195,0.012752
20562205,0.021297
20562215,0.062801
20562225,-0.023869
20562235,-0.031193
20562245,-0.022648
20562255,-0.029973
20562265,-0.018986
20562275,0.02618
20562285,-0.011662
20562295,-0.000676
20562305,0.011531
20562315,-0.020207
20562325,0.004207
20562335,-0.005559
20562345,-0.017766
20562355,-0.009221
20562365,-0.026311
20562375,-0.027531
20562385,-0.017766
20562395,0.04449
20562405,0.07867
20562415,0.062801
20562425,-0.034855
20562435,-0.008
20562445,0.037166
20562455,-0.029973
20562465,0.029842
20562475,0.010311
20562485,-0.037297
20562495,0.00909
20562505,-0.000676
20562515,-0.016545
20562525,0.012752
20562535,0.001766
20562545,0.0274
20562555,-0.001896
20562565,0.137264
20562575,0.100643
20562585,0.007869
20562595,0.132381
20562605,0.021297
20562615,-0.006779
20562625,-0.001896
20562635,-0.02509
20562645,0.055477
20562655,0.090877
20562665,-0.004338
20562675,0.062801
20562685,0.012752
20562695,-0.012883
20562705,-0.028752
20562715,-0.010441
20562725,-0.012883
20562735,-0.017766
20562745,-0.02509
20562755,0.088436
20562765,0.064021
20562775,-0.009221
20562785,0.028621
20562795,0.064021
20562805,0.000545
20562815,0.011531
20562825,-0.010441
20562835,0.021297
20562845,-0.003117
20562855,0.024959
20562865,0.059139
20562875,0.118953
20562885,0.024959
20562895,-0.031193
20562905,0.000545
20562915,0.065242
20562925,0.00909
20562935,0.053035
20562945,-0.003117
20562955,-0.022648
20562965,0.021297
20562975,-0.023869
20562985,-0.032414
20562995,-0.003117
20563005,0.062801
20563015,-0.004338
20563025,0.000545
20563035,-0.021428
20563045,-0.011662
20563055,-0.026311
20563065,-0.027531
20563075,0.000545
20563085,-0.029973
20563095,-0.015324
20563105,-0.031193
20563115,-0.04218
20563125,-0.04218
20563135,-0.032414
20563145,-0.016545
20563155,-0.029973
20563165,-0.017766
20563175,-0.012883
20563185,-0.027531
20563195,-0.031193
20563205,-0.036076
20563215,-0.017766
20563225,-0.010441
20563235,-0.02509
20563245,-0.027531
20563255,-0.015324
20563265,0.013973
20563275,0.0274
20563285,-0.008
20563295,-0.036076
20563305,-0.023869
20563315,0.015193
20563325,0.006648
20563335,0.013973
20563345,0.011531
20563355,-0.021428
20563365,-0.036076
20563375,-0.027531
20563385,-0.036076
20563395,-0.040959
20563405,-0.016545
20563415,-0.016545
20563425,-0.018986
20563435,-0.0434
20563445,-0.031193
20563455,-0.023869
20563465,-0.022648
20563475,-0.045842
20563485,-0.018986
20563495,-0.026311
20563505,0.011531
20563515,-0.011662
20563525,-0.022648
20563535,-0.023869
20563545,-0.011662
20563555,-0.017766
20563565,-0.026311
20563575,0.000545
20563585,-0.027531
20563595,-0.008
20563605,-0.011662
20563615,-0.023869
20563625,0.024959
20563635,0.066463
20563645,-0.023869
20563655,-0.018986
20563665,-0.033635
20563675,-0.031193
20563685,-0.026311
20563695,-0.04218
20563705,-0.031193
20563715,-0.028752
20563725,-0.033635
20563735,-0.032414
20563745,-0.027531
20563755,-0.04218
20563765,-0.0434
20563775,-0.029973
20563785,-0.027531
20563795,-0.021428
20563805,-0.045842
20563815,0.038387
20563825,0.065242
20563835,0.051814
20563845,0.001766
20563855,0.023738
20563865,0.006648
20563875,-0.003117
20563885,0.001766
20563895,-0.038518
20563905,-0.02509
20563915,-0.001896
20563925,0.029842
20563935,-0.017766
20563945,-0.028752
20563955,-0.004338
20563965,0.011531
20563975,-0.004338
20563985,0.060359
20563995,0.022518
20564005,-0.000676
20564015,0.034725
20564025,-0.017766
20564035,-0.022648
20564045,-0.02509
20564055,-0.037297
20564065,-0.003117
20564075,-0.021428
20564085,-0.001896
20564095,-0.034855
20564105,-0.023869
20564115,-0.049504
20564125,-0.029973
20564135,-0.009221
20564145,0.016414
20564155,0.001766
20564165,0.013973
20564175,-0.014104
20564185,-0.022648
20564195,-0.02509
20564205,-0.010441
20564215,0.015193
20564225,0.013973
20564235,-0.026311
20564245,0.006648
20564255,-0.039738
20564265,0.020076
20564275,-0.039738
20564285,-0.005559
20564295,-0.033635
20564305,-0.031193
20564315,-0.022648
20564325,0.011531
20564335,-0.031193
20564345,-0.009221
20564355,-0.003117
20564365,-0.021428
20564375,0.133602
20564385,0.000545
20564395,0.076229
20564405,0.13116
20564415,0.11407
20564425,0.024959
20564435,0.045711
20564445,0.020076
20564455,0.0274
20564465,0.020076
20564475,-0.000676
20564485,0.006648
20564495,0.045711
20564505,0.057918
20564515,0.021297
20564525,0.068904
20564535,-0.015324
20564545,-0.032414
20564555,0.02618
20564565,-0.020207
20564575,-0.011662
20564585,-0.008
20564595,-0.010441
20564605,-0.026311
20564615,-0.011662
20564625,-0.020207
20564635,-0.008
20564645,0.002986
20564655,-0.032414
20564665,-0.02509
20564675,-0.001896
20564685,-0.031193
20564695,0.109187
20564705,-0.000676
20564715,0.028621
20564725,-0.021428
20564735,-0.018986
20564745,-0.015324
20564755,0.024959
20564765,0.042049
20564775,-0.006779
20564785,-0.033635
20564795,-0.039738
20564805,-0.026311
20564815,-0.038518
20564825,-0.044621
20564835,-0.011662
20564845,-0.015324
20564855,-0.022648
20564865,-0.031193
20564875,0.039607
20564885,-0.039738
20564895,0.021297
20564905,-0.008
20564915,-0.045842
20564925,-0.010441
20564935,-0.044621
20564945,-0.026311
20564955,-0.008
20564965,0.021297
20564975,-0.008
20564985,-0.023869
20564995,0.045711
20565005,0.049373
20565015,-0.015324
20565025,0.011531
20565035,-0.023869
20565045,-0.034855
20565055,-0.020207
20565065,-0.003117
20565075,-0.023869
20565085,0.151912
20565095,-0.022648
20565105,0.138484
20565115,0.001766
20565125,-0.012883
20565135,-0.023869
20565145,0.033504
20565155,0.010311
20565165,0.000545
20565175,0.075008
20565185,0.022518
20565195,0.04327
20565205,0.320369
20565215,0.081111
20565225,0.064021
20565235,0.038387
20565245,0.018855
20565255,-0.016545
20565265,-0.017766
20565275,0.004207
20565285,0.020076
20565295,0.004207
20565305,0.051814
20565315,0.029842
20565325,-0.005559
20565335,0.016414
20565345,-0.008
20565355,0.012752
20565365,-0.026311
20565375,-0.015324
20565385,0.038387
20565395,-0.006779
20565405,-0.006779
20565415,-0.003117
20565425,-0.017766
20565435,-0.021428
20565445,-0.016545
20565455,0.048152
20565465,-0.026311
20565475,-0.038518
20565485,-0.022648
20565495,-0.031193
20565505,-0.033635
20565515,-0.012883
20565525,-0.001896
20565535,-0.015324
20565545,-0.000676
20565555,-0.000676
20565565,-0.018986
20565575,0.070125
20565585,0.018855
20565595,-0.018986
20565605,0.071346
20565615,0.128719
20565625,0.037166
20565635,0.038387
20565645,0.072566
20565655,0.022518
20565665,0.072566
20565675,-0.006779
20565685,-0.011662
20565695,0.071346
20565705,0.035945
20565715,-0.02509
20565725,0.006648
20565735,-0.000676
20565745,0.137264
20565755,0.310604
20565765,0.040828
20565775,0.00909
20565785,0.062801
20565795,0.004207
20565805,0.049373
20565815,0.033504
20565825,0.057918
20565835,0.007869
20565845,0.038387
20565855,0.001766
20565865,0.018855
20565875,0.056697
20565885,-0.022648
20565895,0.067684
20565905,0.017635
20565915,-0.015324
20565925,0.006648
20565935,0.010311
20565945,-0.022648
20565955,-0.033635
20565965,-0.034855
20565975,-0.034855
20565985,-0.016545
20565995,-0.004338
20566005,-0.037297
20566015,-0.021428
20566025,-0.048283
20566035,-0.023869
20566045,-0.028752
20566055,-0.036076
20566065,-0.036076
20566075,-0.04218
20566085,-0.0434
20566095,-0.038518
20566105,-0.017766
20566115,-0.032414
20566125,-0.015324
20566135,-0.026311
20566145,-0.018986
20566155,-0.023869
20566165,-0.017766
20566175,-0.032414
20566185,-0.036076
20566195,-0.005559
20566205,-0.023869
20566215,-0.003117
20566225,-0.014104
20566235,0.015193
20566245,-0.014104
20566255,-0.006779
20566265,0.000545
20566275,-0.023869
20566285,0.076229
20566295,-0.006779
20566305,-0.022648
20566315,-0.032414
20566325,-0.02509
20566335,-0.044621
20566345,-0.009221
20566355,0.00909
20566365,-0.026311
20566375,0.012752
20566385,0.106746
20566395,0.118953
20566405,0.012752
20566415,-0.026311
20566425,-0.008
20566435,-0.028752
20566445,-0.033635
20566455,0.011531
20566465,-0.000676
20566475,-0.032414
20566485,-0.029973
20566495,-0.02509
20566505,-0.028752
20566515,-0.039738
20566525,-0.032414
20566535,0.006648
20566545,-0.026311
20566555,-0.018986
20566565,-0.015324
20566575,-0.023869
20566585,-0.015324
20566595,0.053035
20566605,-0.033635
20566615,-0.000676
20566625,0.00909
20566635,-0.017766
20566645,-0.017766
20566655,-0.027531
20566665,0.010311
20566675,-0.000676
20566685,-0.033635
20566695,0.00909
20566705,-0.033635
20566715,-0.036076
20566725,-0.033635
20566735,-0.011662
20566745,-0.020207
20566755,-0.022648
20566765,-0.032414
20566775,-0.0434
20566785,-0.010441
20566795,-0.018986
20566805,0.018855
20566815,-0.003117
20566825,-0.000676
20566835,-0.012883
20566845,-0.001896
20566855,-0.032414
20566865,-0.031193
20566875,-0.037297
20566885,-0.009221
20566895,-0.016545
20566905,0.00909
20566915,0.017635
20566925,-0.004338
20566935,-0.009221
20566945,-0.011662
20566955,0.011531
20566965,0.005428
20566975,-0.031193
20566985,0.0274
20566995,-0.040959
20567005,-0.047063
20567015,-0.022648
20567025,-0.038518
20567035,-0.034855
20567045,0.073787
20567055,-0.021428
20567065,0.034725
20567075,0.021297
20567085,-0.020207
20567095,0.00909
20567105,-0.004338
20567115,-0.036076
20567125,-0.022648
20567135,0.012752
20567145,-0.036076
20567155,0.057918
20567165,-0.015324
20567175,-0.040959
20567185,-0.032414
20567195,0.04449
20567205,0.007869
20567215,-0.005559
20567225,-0.001896
20567235,-0.031193
20567245,-0.028752
20567255,0.001766
20567265,0.050594
20567275,0.057918
20567285,-0.009221
20567295,0.006648
20567305,-0.034855
20567315,-0.029973
20567325,-0.015324
20567335,-0.023869
20567345,-0.040959
20567355,-0.027531
20567365,-0.008
20567375,-0.000676
20567385,-0.003117
20567395,-0.003117
20567405,-0.04218
20567415,0.040828
20567425,-0.010441
20567435,0.005428
20567445,-0.031193
20567455,-0.012883
20567465,-0.034855
20567475,0.005428
20567485,0.118953
20567495,0.006648
20567505,0.064021
20567515,0.007869
20567525,-0.004338
20567535,-0.012883
20567545,0.016414
20567555,-0.020207
20567565,0.057918
20567575,0.065242
20567585,0.029842
20567595,-0.001896
20567605,-0.005559
20567615,-0.047063
20567625,-0.064152
20567635,-0.023869
20567645,-0.029973
20567655,-0.020207
20567665,-0.020207
20567675,-0.026311
20567685,-0.044621
20567695,-0.034855
20567705,-0.032414
20567715,-0.016545
20567725,-0.032414
20567735,0.09576
20567745,0.023738
20567755,-0.032414
20567765,-0.003117
20567775,-0.032414
20567785,-0.04218
20567795,0.022518
20567805,0.013973
20567815,0.034725
20567825,-0.022648
20567835,0.038387
20567845,-0.017766
20567855,0.035945
20567865,0.040828
20567875,0.045711
20567885,0.209285
20567895,0.138484
20567905,0.072566
20567915,0.037166
20567925,0.002986
20567935,-0.017766
20567945,0.005428
20567955,-0.022648
20567965,-0.032414
20567975,0.004207
20567985,-0.012883
20567995,-0.017766
20568005,-0.047063
20568015,-0.02509
20568025,-0.028752
20568035,-0.022648
20568045,-0.022648
20568055,-0.036076
20568065,-0.049504
20568075,-0.021428
20568085,-0.016545
20568095,-0.012883
20568105,-0.023869
20568115,-0.02509
20568125,-0.056828
20568135,-0.008
20568145,-0.036076
20568155,-0.016545
20568165,-0.036076
20568175,-0.034855
20568185,-0.02509
20568195,-0.027531
20568205,-0.009221
20568215,-0.038518
20568225,-0.010441
20568235,-0.016545
20568245,0.055477
20568255,-0.034855
20568265,-0.011662
20568275,-0.033635
20568285,-0.031193
20568295,-0.027531
20568305,-0.004338
20568315,-0.015324
20568325,-0.014104
20568335,0.04327
20568345,-0.02509
20568355,0.02618
20568365,0.151912
20568375,0.050594
20568385,-0.001896
20568395,0.024959
20568405,0.002986
20568415,0.015193
20568425,-0.000676
20568435,-0.02509
20568445,-0.012883
20568455,0.005428
20568465,0.007869
20568475,0.000545
20568485,0.000545
20568495,0.023738
20568505,0.031062
20568515,0.000545
20568525,0.016414
20568535,-0.018986
20568545,-0.018986
20568555,-0.022648
20568565,-0.02509
20568575,-0.016545
20568585,-0.026311
20568595,-0.02509
20568605,0.022518
20568615,-0.018986
20568625,0.029842
20568635,0.023738
20568645,-0.020207
20568655,0.090877
20568665,0.140926
20568675,0.000545
20568685,0.053035
20568695,0.057918
20568705,-0.001896
20568715,0.016414
20568725,-0.001896
20568735,-0.008
20568745,0.002986
20568755,0.002986
20568765,0.0274
20568775,-0.026311
20568785,0.010311
20568795,-0.016545
20568805,0.111629
20568815,0.055477
20568825,-0.009221
20568835,0.012752
20568845,0.031062
20568855,-0.012883
20568865,0.035945
20568875,0.017635
20568885,0.007869
20568895,-0.011662
20568905,0.031062
20568915,0.017635
20568925,0.017635
20568935,-0.040959
20568945,-0.029973
20568955,-0.031193
20568965,-0.028752
20568975,0.016414
20568985,-0.036076
20568995,-0.006779
20569005,0.028621
20569015,-0.020207
20569025,-0.033635
20569035,0.006648
20569045,0.024959
20569055,-0.004338
20569065,-0.051945
20569075,-0.018986
20569085,-0.004338
20569095,0.015193
20569105,0.000545
20569115,-0.010441
20569125,0.024959
20569135,0.040828
20569145,0.011531
20569155,0.002986
20569165,0.016414
20569175,-0.003117
20569185,0.031062
20569195,-0.016545
20569205,-0.005559
20569215,-0.000676
20569225,-0.033635
20569235,0.073787
20569245,-0.015324
20569255,-0.000676
20569265,0.015193
20569275,0.004207
20569285,-0.027531
20569295,0.017635
20569305,-0.014104
20569315,0.017635
20569325,-0.015324
20569335,-0.0434
20569345,-0.014104
20569355,-0.012883
20569365,-0.029973
20569375,-0.053166
20569385,-0.017766
20569395,-0.022648
20569405,-0.009221
20569415,-0.033635
20569425,-0.008
20569435,-0.02509
20569445,-0.017766
20569455,-0.021428
20569465,-0.033635
20569475,0.002986
20569485,0.028621
20569495,-0.014104
20569505,-0.032414
20569515,0.00909
20569525,-0.020207
20569535,-0.0434
20569545,-0.010441
20569555,-0.028752
20569565,0.004207
20569575,0.098201
20569585,0.104305
20569595,-0.015324
20569605,-0.004338
20569615,0.018855
20569625,-0.011662
20569635,0.082332
20569645,-0.004338
20569655,-0.016545
20569665,0.055477
20569675,0.042049
20569685,0.221492
20569695,0.040828
20569705,0.105525
20569715,0.031062
20569725,0.015193
20569735,0.048152
20569745,0.010311
20569755,-0.022648
20569765,-0.021428
20569775,-0.016545
20569785,-0.017766
20569795,0.088436
20569805,0.000545
20569815,0.143367
20569825,0.054256
20569835,0.042049
20569845,0.079891
20569855,-0.020207
20569865,-0.028752
20569875,0.013973
20569885,-0.010441
20569895,0.016414
20569905,-0.029973
20569915,0.028621
20569925,-0.014104
20569935,-0.023869
20569945,-0.018986
20569955,-0.048283
20569965,-0.034855
20569975,-0.009221
20569985,-0.010441
20569995,-0.020207
20570005,-0.009221
20570015,-0.029973
20570025,-0.027531
20570035,-0.017766
20570045,-0.027531
20570055,-0.018986
20570065,0.072566
20570075,0.154354
20570085,0.082332
20570095,0.013973
20570105,0.04449
20570115,0.040828
20570125,0.002986
20570135,0.012752
20570145,-0.009221
20570155,-0.006779
20570165,0.098201
20570175,0.021297
20570185,-0.012883
20570195,-0.017766
20570205,0.011531
20570215,-0.014104
20570225,-0.012883
20570235,-0.008
20570245,-0.014104
20570255,-0.016545
20570265,-0.012883
20570275,-0.015324
20570285,-0.033635
20570295,-0.020207
20570305,0.00909
20570315,-0.014104
20570325,-0.016545
20570335,-0.04218
20570345,-0.009221
20570355,-0.021428
20570365,-0.02509
20570375,-0.040959
20570385,-0.053166
20570395,0.002986
20570405,-0.037297
20570415,0.04327
20570425,-0.010441
20570435,-0.022648
20570445,-0.018986
20570455,-0.033635
20570465,-0.008
20570475,-0.011662
20570485,-0.008
20570495,-0.015324
20570505,-0.0434
20570515,-0.001896
20570525,-0.031193
20570535,-0.031193
20570545,-0.020207
20570555,0.011531
20570565,-0.003117
20570575,-0.020207
20570585,-0.026311
20570595,-0.031193
20570605,-0.004338
20570615,-0.032414
20570625,-0.031193
20570635,-0.02509
20570645,-0.008
20570655,-0.023869
20570665,-0.039738
20570675,-0.018986
20570685,-0.037297
20570695,-0.039738
20570705,-0.039738
20570715,-0.038518
20570725,-0.000676
20570735,-0.036076
20570745,0.032283
20570755,-0.015324
20570765,-0.017766
20570775,0.012752
20570785,0.133602
20570795,-0.021428
20570805,-0.021428
20570815,0.033504
20570825,-0.028752
20570835,-0.000676
20570845,-0.028752
20570855,-0.036076
20570865,0.005428
20570875,-0.026311
20570885,-0.048283
20570895,0.013973
20570905,-0.012883
20570915,0.012752
20570925,-0.011662
20570935,-0.02509
20570945,-0.029973
20570955,-0.031193
20570965,-0.038518
20570975,0.020076
20570985,0.024959
20570995,0.006648
20571005,-0.026311
20571015,-0.023869
20571025,-0.016545
20571035,-0.015324
20571045,-0.034855
20571055,-0.018986
20571065,-0.039738
20571075,-0.029973
20571085,-0.044621
20571095,-0.014104
20571105,-0.026311
20571115,0.035945
20571125,0.13116
20571135,-0.005559
20571145,0.062801
20571155,0.016414
20571165,0.018855
20571175,0.092098
20571185,0.005428
20571195,0.032283
20571205,0.013973
20571215,0.154354
20571225,0.049373
20571235,-0.011662
20571245,0.081111
20571255,0.037166
20571265,0.037166
20571275,-0.022648
20571285,0.021297
20571295,0.021297
20571305,0.129939
20571315,0.075008
20571325,0.011531
20571335,0.011531
20571345,0.032283
20571355,0.16534
20571365,0.034725
20571375,0.029842
20571385,0.050594
20571395,0.232479
20571405,0.035945
20571415,0.07867
20571425,-0.020207
20571435,-0.001896
20571445,0.029842
20571455,-0.020207
20571465,-0.001896
20571475,-0.015324
20571485,-0.020207
20571495,-0.028752
20571505,0.006648
20571515,-0.031193
20571525,-0.020207
20571535,-0.020207
20571545,-0.020207
20571555,-0.021428
20571565,-0.032414
20571575,-0.020207
20571585,-0.049504
20571595,-0.039738
20571605,-0.011662
20571615,-0.036076
20571625,-0.021428
20571635,0.006648
20571645,-0.027531
20571655,0.038387
20571665,0.001766
20571675,0.020076
20571685,0.059139
20571695,-0.016545
20571705,0.06158
20571715,0.001766
20571725,-0.003117
20571735,-0.010441
20571745,0.087215
20571755,0.024959
20571765,-0.011662
20571775,-0.010441
20571785,0.037166
20571795,0.011531
20571805,0.059139
20571815,0.000545
20571825,0.010311
20571835,-0.008
20571845,0.00909
20571855,-0.031193
20571865,-0.026311
20571875,-0.036076
20571885,-0.009221
20571895,-0.031193
20571905,-0.014104
20571915,-0.021428
20571925,-0.011662
20571935,-0.022648
20571945,-0.012883
20571955,-0.038518
20571965,-0.047063
20571975,0.002986
20571985,-0.0434
20571995,-0.031193
20572005,-0.017766
20572015,-0.009221
20572025,-0.011662
20572035,0.024959
20572045,0.007869
20572055,0.023738
20572065,-0.032414
20572075,0.002986
20572085,-0.015324
20572095,0.005428
20572105,-0.033635
20572115,-0.032414
20572125,-0.037297
20572135,-0.027531
20572145,-0.018986
20572155,-0.006779
20572165,-0.021428
20572175,-0.010441
20572185,-0.032414
20572195,-0.020207
20572205,-0.011662
20572215,-0.023869
20572225,-0.033635
20572235,-0.011662
20572245,-0.032414
20572255,-0.008
20572265,-0.039738
20572275,0.005428
20572285,0.032283
20572295,-0.006779
20572305,0.09576
20572315,0.06158
20572325,-0.006779
20572335,0.018855
20572345,-0.005559
20572355,-0.011662
20572365,-0.023869
20572375,-0.038518
20572385,-0.023869
20572395,-0.022648
20572405,-0.015324
20572415,0.000545
20572425,-0.018986
20572435,-0.034855
20572445,-0.005559
20572455,-0.023869
20572465,-0.021428
20572475,-0.003117
20572485,-0.003117
20572495,-0.022648
20572505,-0.023869
20572515,0.006648
20572525,-0.014104
20572535,0.001766
20572545,0.020076
20572555,-0.014104
20572565,-0.011662
20572575,-0.001896
20572585,-0.000676
20572595,-0.039738
20572605,-0.029973
20572615,-0.020207
20572625,-0.023869
20572635,0.040828
20572645,-0.029973
20572655,-0.016545
20572665,0.02618
20572675,-0.012883
20572685,-0.020207
20572695,0.013973
20572705,-0.011662
20572715,-0.032414
20572725,-0.000676
20572735,-0.031193
20572745,-0.017766
20572755,-0.031193
20572765,-0.017766
20572775,-0.021428
20572785,-0.009221
20572795,-0.02509
20572805,-0.0434
20572815,-0.033635
20572825,0.020076
20572835,-0.032414
20572845,-0.020207
20572855,0.002986
20572865,-0.036076
20572875,-0.02509
20572885,-0.014104
20572895,-0.009221
20572905,-0.000676
20572915,-0.000676
20572925,-0.031193
20572935,0.0274
20572945,-0.012883
20572955,-0.006779
20572965,-0.029973
20572975,-0.006779
20572985,-0.018986
20572995,-0.020207
20573005,-0.006779
20573015,-0.033635
20573025,-0.006779
20573035,-0.005559
20573045,-0.016545
20573055,0.133602
20573065,0.048152
20573075,-0.009221
20573085,0.211727
20573095,0.016414
20573105,0.308162
20573115,0.118953
20573125,0.020076
20573135,0.031062
20573145,0.073787
20573155,0.016414
20573165,0.033504
20573175,0.071346
20573185,0.090877
20573195,0.007869
20573205,-0.003117
20573215,0.011531
20573225,0.011531
20573235,-0.015324
20573245,0.010311
20573255,-0.000676
20573265,-0.023869
20573275,-0.029973
20573285,-0.020207
20573295,-0.017766
20573305,-0.018986
20573315,-0.009221
20573325,-0.026311
20573335,0.04449
20573345,0.006648
20573355,0.02618
20573365,0.101863
20573375,-0.011662
20573385,-0.016545
20573395,-0.006779
20573405,-0.054387
20573415,-0.033635
20573425,-0.031193
20573435,-0.027531
20573445,-0.004338
20573455,-0.033635
20573465,-0.028752
20573475,0.001766
20573485,-0.031193
20573495,-0.02509
20573505,-0.027531
20573515,-0.032414
20573525,-0.026311
20573535,-0.036076
20573545,-0.020207
20573555,-0.032414
20573565,0.033504
20573575,-0.036076
20573585,-0.014104
20573595,-0.032414
20573605,-0.023869
20573615,-0.033635
20573625,-0.044621
20573635,-0.036076
20573645,-0.031193
20573655,-0.047063
20573665,-0.028752
20573675,-0.016545
20573685,0.005428
20573695,-0.047063
20573705,-0.027531
20573715,-0.037297
20573725,0.037166
20573735,0.120174
20573745,-0.016545
20573755,-0.005559
20573765,-0.004338
20573775,-0.031193
20573785,0.010311
20573795,-0.005559
20573805,-0.047063
20573815,-0.02509
20573825,-0.015324
20573835,-0.047063
20573845,-0.039738
20573855,-0.039738
20573865,-0.049504
20573875,0.010311
20573885,-0.005559
20573895,-0.026311
20573905,0.010311
20573915,-0.020207
20573925,-0.022648
20573935,-0.032414
20573945,-0.031193
20573955,-0.021428
20573965,-0.054387
20573975,-0.033635
20573985,-0.011662
20573995,-0.006779
20574005,0.034725
20574015,-0.018986
20574025,-0.028752
20574035,-0.005559
20574045,-0.022648
20574055,-0.017766
20574065,-0.02509
20574075,-0.02509
20574085,-0.029973
20574095,0.034725
20574105,-0.018986
20574115,-0.033635
20574125,-0.003117
20574135,0.004207
20574145,0.010311
20574155,-0.009221
20574165,0.049373
20574175,-0.008
20574185,0.000545
20574195,-0.018986
20574205,0.031062
20574215,-0.016545
20574225,-0.027531
20574235,0.023738
20574245,-0.008
20574255,0.045711
20574265,-0.021428
20574275,-0.009221
20574285,-0.031193
20574295,0.032283
20574305,0.006648
20574315,0.023738
20574325,0.029842
20574335,-0.031193
20574345,-0.02509
20574355,-0.018986
20574365,-0.036076
20574375,-0.021428
20574385,-0.034855
20574395,-0.009221
20574405,-0.023869
20574415,-0.018986
20574425,-0.026311
20574435,-0.02509
20574445,-0.020207
20574455,-0.028752
20574465,-0.016545
20574475,-0.029973
20574485,-0.032414
20574495,-0.026311
20574505,-0.02509
20574515,-0.039738
20574525,-0.047063
20574535,-0.012883
20574545,-0.011662
20574555,-0.033635
20574565,-0.031193
20574575,-0.008
20574585,-0.031193
20574595,-0.031193
20574605,-0.027531
20574615,-0.032414
20574625,-0.028752
20574635,-0.027531
20574645,-0.012883
20574655,-0.028752
20574665,0.048152
20574675,0.017635
20574685,-0.020207
20574695,-0.017766
20574705,-0.017766
20574715,-0.022648
20574725,0.020076
20574735,-0.009221
20574745,-0.003117
20574755,-0.000676
20574765,-0.014104
20574775,-0.026311
20574785,-0.033635
20574795,0.022518
20574805,0.022518
20574815,-0.037297
20574825,0.004207
20574835,0.012752
20574845,0.011531
20574855,0.031062
20574865,-0.02509
20574875,0.051814
20574885,0.024959
20574895,-0.02509
20574905,0.005428
20574915,0.045711
20574925,-0.001896
20574935,-0.000676
20574945,0.007869
20574955,-0.032414
20574965,-0.027531
20574975,0.111629
20574985,0.06158
20574995,0.016414
20575005,0.039607
20575015,0.046932
20575025,-0.026311
20575035,-0.031193
20575045,-0.023869
20575055,-0.009221
20575065,-0.021428
20575075,0.021297
20575085,-0.008
20575095,-0.029973
20575105,-0.011662
20575115,-0.033635
20575125,-0.014104
20575135,-0.026311
20575145,-0.000676
20575155,0.049373
20575165,-0.014104
20575175,0.022518
20575185,0.000545
20575195,-0.029973
20575205,-0.003117
20575215,-0.005559
20575225,-0.02509
20575235,-0.015324
20575245,0.016414
20575255,-0.001896
20575265,0.051814
20575275,0.02618
20575285,0.056697
20575295,0.045711
20575305,0.037166
20575315,0.011531
20575325,-0.031193
20575335,-0.039738
20575345,0.050594
20575355,0.016414
20575365,0.028621
20575375,0.039607
20575385,0.051814
20575395,0.145809
20575405,0.090877
20575415,0.134822
20575425,0.079891
20575435,0.201961
20575445,0.088436
20575455,0.02618
20575465,0.149471
20575475,0.00909
20575485,0.0274
20575495,0.011531
20575505,-0.017766
20575515,0.005428
20575525,0.000545
20575535,-0.018986
20575545,-0.020207
20575555,-0.029973
20575565,0.002986
20575575,-0.029973
20575585,0.00909
20575595,0.004207
20575605,0.023738
20575615,0.005428
20575625,-0.031193
20575635,0.016414
20575645,-0.009221
20575655,-0.031193
20575665,-0.014104
20575675,-0.016545
20575685,-0.004338
20575695,0.021297
20575705,-0.003117
20575715,-0.023869
20575725,-0.020207
20575735,0.00909
20575745,-0.004338
20575755,-0.027531
20575765,-0.026311
20575775,-0.02509
20575785,-0.029973
20575795,-0.010441
20575805,-0.02509
20575815,-0.008
20575825,0.007869
20575835,-0.039738
20575845,-0.02509
20575855,-0.034855
20575865,-0.011662
20575875,-0.033635
20575885,-0.011662
20575895,0.060359
20575905,0.032283
20575915,-0.000676
20575925,-0.009221
